id,spec_B,e,a,i
a0000001,C,.07600902910070946,2.76916515450648,10.59406704424526
a0000002,B,.2303368211958249,2.772465921978979,34.8362344173523
a0000003,Sk,.2569423201751032,2.669149516961171,12.98891912630602
a0000004,V,.08872145950956178,2.361417895877277,7.141770811873426
a0000005,S,.191094508984634,2.574248918456554,5.366988248754509
a0000006,S,.2030071093939073,2.425159989654524,14.73790110045524
a0000007,S,.231205791651457,2.385333813853889,5.523651386735914
a0000010,C,.1124606576702566,3.14153917911499,3.831560034123068
a0000011,Sk,.1004722734579138,2.453109375852077,4.62988577124323
a0000012,L,.2201715820847041,2.334315086445922,8.373073838902746
a0000013,Ch,.08512143168233768,2.575981085345467,16.53612545547192
a0000014,S,.1665823107539034,2.585567305441197,9.121645531403171
a0000015,S,.1860843620330185,2.644100304490733,11.75242982472844
a0000016,X,.1335684148335463,2.923813680217348,3.096005208804772
a0000017,Sl,.1330315938582089,2.470354085478554,5.591204997025656
a0000018,S,.2176743622521839,2.29665350984091,10.12873129564968
a0000019,Ch,.1580468510700675,2.442710697047048,1.573782207412067
a0000020,S,.1420667051541423,2.409781791609093,.7087512033102101
a0000021,Xk,.1633561118067609,2.434958096420116,3.064055490537624
a0000022,X,.09767688894721703,2.914849073772346,13.71531190288359
a0000023,S,.2349839170984181,2.625683427708691,10.11425811491532
a0000024,B,.1247427752533025,3.13617131483923,.7515879347196438
a0000025,S,.2546138982140402,2.400160565214944,21.6048402596762
a0000026,S,.09014487999156065,2.654330892804783,3.563412745630886
a0000027,S,.1732258505576394,2.346664413630038,1.583713702060567
a0000028,S,.1518626130240446,2.775765930379437,9.429548932055635
a0000029,S,.0726955355107702,2.554113562629857,6.082523343833398
a0000030,Sl,.1275809997701029,2.365572136802961,2.095744438739231
a0000031,Cb,.220857013438671,3.15540230940322,26.30334740932832
a0000032,S,.08090139139834084,2.588507764324736,5.52395293096486
a0000033,Sq,.3313462799011633,2.873455536116871,1.852842637476108
a0000034,Ch,.105948046876928,2.687383409279481,5.496016768837387
a0000035,C,.2255881576779662,2.994071834875715,7.93271357081255
a0000037,S,.1756051692749518,2.64228330584972,3.070810676589737
a0000038,Cgh,.1549825281214745,2.739454925654882,6.970974779540068
a0000039,S,.1114755598748344,2.769319009699727,10.36898039874332
a0000040,S,.04702133026568632,2.267246519451427,4.257400416930347
a0000041,Ch,.2754175356653898,2.760438709250479,15.79210012048468
a0000042,L,.2228231523061669,2.441703518969128,8.514622308397911
a0000043,Sk,.1683218786649913,2.203475093031204,3.47139649784909
a0000044,Xc,.147922910861728,2.423451098520279,3.706552358884731
a0000045,C,.08443839011920974,2.720882625355706,6.603527097930387
a0000046,Xc,.1720022207911278,2.525788445245102,2.349673753913108
a0000047,B,.1298072811858983,2.881429415219778,4.97520818077294
a0000048,Ch,.0724438865232663,3.11008809457609,6.547416659615668
a0000049,Ch,.2220670204343255,3.105045614871076,3.195214934385568
a0000050,Ch,.2859855287089949,2.6487938488856,2.838219801068548
a0000051,Ch,.06755935667808723,2.365835370511375,9.977178323434973
a0000052,C,.1103692571861618,3.093091389167675,7.478752247537128
a0000054,C,.1973389661747191,2.71037790178851,11.79829500020373
a0000055,X,.142968742409928,2.759834765716024,7.180078043399917
a0000056,Xk,.2380827739019062,2.595744872041014,8.080990773256605
a0000057,S,.1134668535347681,3.151209171387807,15.2150901910628
a0000058,Ch,.04278237110554925,2.700075757582706,5.065410280430273
a0000059,B,.119291448707093,2.71183615807797,8.641685581142685
a0000060,S,.1845543493740137,2.392299537647675,3.600354383870743
a0000061,S,.1659587169233777,2.985558303930569,18.19649464790589
a0000062,Ch,.1677318330114165,3.135443051394849,2.233522772978567
a0000063,Sa,.1269055089200656,2.395430898500015,5.775580402438681
a0000064,Xe,.1255294266046353,2.681124845833428,1.309694153364259
a0000066,Ch,.1729405371299572,2.646063567466462,3.045599281980342
a0000067,S,.1854269311045259,2.421340541431656,6.030227768661032
a0000069,X,.1703273489880466,2.976722493654596,8.591269359373253
a0000070,Ch,.1804261666292311,2.615909298989354,11.59491858047739
a0000071,Xe,.1733221148836493,2.756529560476193,23.2624219679923
a0000074,C,.2364369024460758,2.783093828404418,4.070962452070505
a0000075,Xk,.3036918951779823,2.674602630154863,4.991336412731273
a0000077,Xe,.1322980569778512,2.668110944586935,2.422957846296691
a0000078,Ch,.2073652079047835,2.619441852303631,8.700973567044324
a0000079,S,.1899614085030926,2.446712333988616,4.613126624235388
a0000080,S,.200032479133778,2.295864533501763,8.675455619963959
a0000081,Cb,.2106974033807872,2.853597191311584,7.802982871284191
a0000082,Sq,.2200857339613569,2.76290133140184,2.826411725244165
a0000083,X,.08152139347955675,2.432320401078099,4.963962153769252
a0000084,Ch,.2358436915884772,2.362489791750268,9.315346853292226
a0000085,B,.194545765099498,2.651765384015089,11.96206292367353
a0000088,B,.1616429151189032,2.769174120533424,5.213931436362253
a0000089,K,.1847480527505757,2.550012155186965,16.12960260320511
a0000090,C,.1660765171508087,3.149874897516671,2.206908669609235
a0000091,Ch,.1056781138834355,2.592223971027503,2.103166133128573
a0000092,Xc,.1045333129004502,3.185736393419545,9.932002849360668
a0000093,C,.1390818477655423,2.756118499238521,8.556921425643125
a0000094,C,.09394476439439903,3.156538536515994,7.970756953848873
a0000095,Ch,.1525872344270108,3.065326794225968,12.99536764165093
a0000096,T,.1405965690791181,3.050889459357941,15.9731673336389
a0000098,Ch,.1867543762071531,2.687760365454952,15.57151830749099
a0000099,Xk,.1950032218735342,2.66570420673932,13.84727302336029
a0000100,S,.1692041577249139,3.087283252207346,6.431726467934714
a0000101,S,.1402330865078128,2.583800893261519,10.19447279811673
a0000102,C,.2520325373404748,2.662343773509722,5.176794935591281
a0000103,S,.07919874401288174,2.701656650287001,5.418388038758586
a0000104,Ch,.1605721898158354,3.145016317096632,2.790040241063087
a0000105,Ch,.177378501598387,2.373917360564135,21.44015541704821
a0000106,Cgh,.1621661366107806,3.186263512433768,4.592184152974613
a0000109,Ch,.2988889027572925,2.696073710862217,7.842543254286427
a0000110,X,.08145157110435765,2.731441254291479,5.96495350942074
a0000111,Ch,.1027068734599861,2.593214392202516,4.931572607177219
a0000112,Ch,.1277009896907783,2.433981119239214,2.59905275990915
a0000113,S,.08692281085652911,2.375661940888933,5.042971186351139
a0000114,Xk,.1353613010496481,2.678568836059156,4.935771274102565
a0000115,S,.1931026284732521,2.379582468612531,11.59296379192919
a0000116,Sk,.1420601482750189,2.766288646429152,3.564397084028128
a0000117,X,.02762770758569244,2.990315511327769,14.90248311079075
a0000118,S,.1645618626759572,2.436754880924875,7.745998492833585
a0000119,Sl,.08045541833642131,2.581258245543978,5.786176994654598
a0000120,C,.0522276155552853,3.119512826343674,6.961644652909204
a0000123,S,.120489801544295,2.694897609296021,6.413865306003039
a0000124,S,.07549287739338807,2.63077646390296,2.957084410328403
a0000125,X,.07777621346245737,2.744361968451495,4.663375606531786
a0000127,Ch,.06689319997567746,2.755449783670235,8.244857771488434
a0000128,C,.127406599950748,2.749885198422125,6.245446844962712
a0000129,X,.2120347276246057,2.868588386950578,12.26563051909311
a0000130,Ch,.2087705743299564,3.125184922777858,22.7795196003772
a0000131,Xc,.06752329487449374,2.432107242673414,4.961349142597085
a0000133,S,.1354922528032086,3.063879245257973,7.213057776974285
a0000134,Ch,.116569376938704,2.562751518889254,11.60092878443602
a0000135,Xk,.2069913825319087,2.428396219266492,2.303799898166181
a0000136,Xe,.08521459441678242,2.286339425807574,9.579215943406206
a0000139,X,.1748124627583146,2.782193067292932,10.90888279597156
a0000140,Xc,.2140709653454698,2.733948258355242,3.185417600669929
a0000141,Ch,.214850230884064,2.664283192188837,11.89775268421176
a0000142,B,.13521551389963,2.418900605762048,2.239120334353443
a0000143,Xc,.07440608249974205,2.76035722697282,11.44456921648253
a0000144,Ch,.2345040649554747,2.655049605836207,4.814381235024314
a0000145,Ch,.14416551367363,2.674520602821814,12.63561903700331
a0000146,Ch,.06726758795374101,2.718078993740406,13.10113149907183
a0000147,C,.02552290635140079,3.141319916556414,1.933842546025238
a0000148,S,.1870509993775136,2.771509056408663,25.28888453805149
a0000150,Cb,.1231662890491987,2.983200862073344,2.201283187408271
a0000151,Sl,.03327258144499343,2.591515989894868,6.434814731891269
a0000152,S,.08077999035826604,3.137107545362302,12.12480403174078
a0000154,C,.07700935331767415,3.196321089894497,20.97197182484834
a0000156,Ch,.2272117370469632,2.727097982060085,9.781852348362859
a0000158,S,.05157967421451319,2.870949344488314,1.005094902287128
a0000159,Ch,.1070181227689404,3.102688587251141,6.130813712009724
a0000160,C,.06697517257105223,2.727733590277533,3.823882058754434
a0000161,Xc,.1377381015645935,2.379041603042297,9.059606827850867
a0000162,Ch,.1807685903401747,3.016771817240037,6.091203753532741
a0000163,Ch,.1914099069263507,2.367336248384003,4.814141074796297
a0000164,X,.3464374651032295,2.632268985432172,24.47402115661442
a0000165,Cb,.08555339667333139,3.126195859897862,11.22600591317563
a0000166,Xe,.211819463240207,2.684670142987463,12.02935232549187
a0000167,Sk,.03735439703196525,2.85240070404957,2.212657604882228
a0000169,Sl,.1308888429383497,2.35800944853852,5.499467343071964
a0000170,S,.06362075821763016,2.553786541678847,14.37737864722117
a0000171,C,.1323067201038215,3.128918845080336,2.546753758355288
a0000172,L,.1140650205773529,2.380018228623428,10.01858764491464
a0000173,Xk,.2086987727908632,2.743253007434654,14.19554514696601
a0000174,S,.1411807846078337,2.862284600430505,12.12087388461741
a0000175,Cg,.233064630297079,3.182769241949296,3.218737087793336
a0000176,Ch,.170596930609761,3.181049519011109,22.67339431975154
a0000177,Ch,.2342369606841545,2.774364873208924,1.381172952335856
a0000178,S,.04327074539932856,2.460885294437401,1.89383967138446
a0000179,Sk,.1114579661596882,2.976110846851071,7.820760478961434
a0000180,Sq,.1667281098863604,2.722264502893383,.8673395719338688
a0000181,Xk,.2062531157183546,3.12556737825259,18.88803841233254
a0000182,S,.1862693063301496,2.415649159666532,2.00540673365072
a0000183,S,.350495625123845,2.790981913861323,26.38797251886011
a0000184,X,.06632125992936992,3.188001813492212,1.143016623855552
a0000185,C,.1290539581156067,2.737506641345277,23.23752856285748
a0000186,K,.1501553501037968,2.361442585526953,13.18512007268964
a0000187,Ch,.2415669601889656,2.726894086219739,10.58578496686485
a0000188,S,.1790896514108202,2.761107145727388,11.70476641725669
a0000189,Sa,.036370431961094,2.451427600047417,5.176071695831551
a0000191,Cb,.09083407912458429,2.893762679100764,11.50794189487628
a0000192,Sl,.245042137546292,2.403100506244856,6.797987969208881
a0000193,Sk,.2965189542096476,2.603086660916226,11.98025954053587
a0000194,C,.2383234054176739,2.615394837262503,18.50864899231855
a0000195,Ch,.04362852569599967,2.877853689330502,6.969879296545527
a0000196,S,.01590653744791651,3.113336492309564,7.263021046748258
a0000197,S,.1644326617576796,2.737722817951632,8.795436827188073
a0000198,S,.2269015972585369,2.45916842099915,9.321124068855674
a0000199,X,.1803174391603301,3.165695986291986,15.48102087754679
a0000200,Ch,.131892584449663,2.740229642926887,6.892692576671023
a0000201,X,.1797542771882241,2.679821434098326,5.754212998233888
a0000205,Ch,.03616130738485205,2.777709294623822,10.69505574379319
a0000206,C,.03819099944228885,2.741163845029077,3.778692994857364
a0000207,Ch,.0289485027527264,2.283614902924909,3.803286447308202
a0000208,Sk,.01227707445639486,2.892140981036559,1.745380802865123
a0000209,Xc,.05637637129320391,3.147456335587315,7.170147313881221
a0000210,Cb,.1236348263685876,2.72206261275223,5.259841496654178
a0000211,Ch,.160731280864137,3.040848688241124,3.886319972761601
a0000213,B,.144795999279169,2.752512724221684,6.801178719408871
a0000214,Xc,.03109384853101772,2.610787657924717,3.435962119385689
a0000216,Xe,.2509091006741018,2.793772620839401,13.11298700551144
a0000221,K,.1042781750066008,3.010967444252915,10.87905290836612
a0000226,S,.2038637970113612,2.711776061896482,15.96935572240533
a0000228,S,.2420271606510889,2.201790673086857,2.536220990945153
a0000230,Sl,.06158372081178713,2.382303148801977,9.450957465378288
a0000233,K,.09895647593954122,2.660010420374028,7.690881448044267
a0000234,Ld,.2454277876069205,2.385936885234098,15.37221649735775
a0000236,L,.1908261969137335,2.797464141520094,7.694642610844821
a0000237,S,.07110741501511746,2.76329712054073,9.747882092905416
a0000238,Ch,.08958052221375364,2.907010896586164,12.41114396782227
a0000240,C,.207570507122796,2.663769293833469,2.105526175148159
a0000241,B,.102761153434565,3.049875429459829,5.505041918569985
a0000242,Xc,.1215433784633293,2.860763957248385,11.35194198443942
a0000243,S,.04299574429802967,2.8606930814042,1.130194321967564
a0000244,Sa,.1369482680517751,2.174350707801855,2.845253551018618
a0000245,S,.196465351715519,3.096343732096223,5.178866306154109
a0000246,A,.1098409094503346,2.693791385302661,15.62089759565052
a0000247,Xc,.2450096965677417,2.740643845857035,24.95242620832824
a0000250,Xk,.1350850857569472,3.142700416457756,12.82049318820928
a0000253,Cb,.2629101450106395,2.648975057333826,6.738632112216882
a0000257,Ch,.1106357286151868,3.125705544627223,3.615904953937903
a0000258,S,.2041194016842478,2.615531507413228,14.3222997673654
a0000259,X,.1288441566851987,3.132889322623162,10.81762957109123
a0000261,X,.08887819254674036,2.331833576551184,3.635933841211387
a0000263,S,.07758783919681798,2.886862054544482,1.320413314811948
a0000264,S,.1370921324871384,2.796852458191511,10.42520403934171
a0000266,Ch,.1539211400456551,2.807292038259464,13.40304724654355
a0000267,D,.0986522138147663,2.77540680740378,6.003219926697196
a0000269,Ld,.2131728443922237,2.616242978722024,5.477275622550732
a0000272,X,.02697863605457142,2.780253758026546,4.434086163118185
a0000275,C,.1639304494001878,2.769711340507343,4.764282526807768
a0000278,S,.1317907448119724,2.756412754576784,7.81738721867458
a0000281,S,.1326752701693698,2.187358802943897,5.303962169247142
a0000282,B,.08036926981445991,2.340028260775204,9.032814628738034
a0000284,Ch,.2221125571393416,2.35823527582459,8.057572907158914
a0000286,Ch,.02822273062593149,3.195584063813196,17.897698623
a0000288,S,.2053926321153688,2.761785977583854,4.336077435390653
a0000289,A,.2012477617870592,2.875996942247063,6.678776619807365
a0000295,S,.1714309929043198,2.794518041212615,2.708541443791276
a0000301,C,.06749743682731552,2.726095983583118,4.894357646624019
a0000304,Xc,.2216072310276065,2.403604093667033,15.84561910214977
a0000306,S,.1507919025975553,2.357924743593614,7.277327938972727
a0000308,T,.04054222260115872,2.749537086212404,4.360811434829979
a0000310,S,.1133293320209976,2.76176410925153,3.172269763923261
a0000312,Sk,.1595495450230307,2.782119422523156,9.029081057228765
a0000317,Xe,.08507370001969836,2.286650303795566,1.765677582067669
a0000321,S,.04666053697468612,2.885377376855142,2.587287418798432
a0000322,X,.2461546839401674,2.780799917972389,8.054398683284299
a0000327,Sl,.06093912802627172,2.775977583439388,7.14116230153796
a0000331,C,.09729609418709979,3.029221839415804,6.037946873471931
a0000332,Xk,.08788543389183992,2.773338151995108,2.845232563295158
a0000335,B,.1727772424805201,2.474842107199355,5.101117078672384
a0000336,Xk,.09549100265116645,2.251446035709403,5.653639987418186
a0000337,X,.1369461038683614,2.382994911082152,7.853661616462415
a0000338,Xk,.02221723685009999,2.911311154660146,6.0500317713777
a0000339,K,.09775276519231384,3.013079742099457,9.962295709051116
a0000342,Ch,.1292968993852817,2.568153793116992,7.35266210428383
a0000345,Ch,.06113300255994211,2.325583447986549,9.744103861917786
a0000346,S,.1019181403664317,2.7964728803531,8.752262244775366
a0000348,X,.07035155077645479,2.96800734161741,9.758879862484843
a0000349,R,.09158907747193022,2.922609831522937,8.246177556181788
a0000352,Sl,.1496784799470769,2.194086493292069,3.384806194863014
a0000353,S,.3276534978727229,2.73555087034657,5.708192212497034
a0000354,Sl,.1140528158009354,2.798632548977549,18.39928829671905
a0000355,S,.1061069619677271,2.537376746428855,4.282876867467271
a0000358,Ch,.1529207553834571,2.876745826533328,3.553735842985593
a0000359,X,.1574331992195935,2.727222198849303,6.771862544602116
a0000360,C,.1759945925936126,3.007699198571342,11.69433866088308
a0000363,X,.07102306588714107,2.747942056568738,5.947001159862801
a0000365,C,.1572807674508552,2.801577638278642,12.7912204342407
a0000366,Ch,.05600605552023506,3.145751653873994,10.57668673310938
a0000371,S,.06474887615567188,2.727509923336965,7.401166576111063
a0000372,B,.2589917578032354,3.150140553907852,23.82595626988699
a0000374,S,.07966818506881009,2.780097673394929,8.993765468497465
a0000375,Xc,.1053797321609872,3.127897914973959,15.92968633368769
a0000376,Sl,.1721038706203191,2.28877272752644,5.432401057980069
a0000377,Ch,.07794363479388441,2.689278346273906,6.678633275036132
a0000378,S,.1302248710644811,2.776387093062225,7.006094571520574
a0000379,C,.1804136098606534,3.143382149680087,1.669675721424952
a0000383,B,.1672097170090664,3.139727935354188,2.659582234419996
a0000384,S,.1485801084031389,2.651000428420612,5.590465593093016
a0000386,C,.1687465476849862,2.899545275161502,20.2096969232915
a0000387,L,.2350672309354058,2.741148819158174,18.11271723048749
a0000388,C,.06555602583082358,3.003486445419431,6.446024191182703
a0000389,S,.06720167761796669,2.608283327305152,8.121485277505947
a0000392,Ch,.1411717971530496,2.882277022615154,14.32198292965596
a0000393,Xc,.3303789651179789,2.779101510143827,14.87763442609757
a0000394,S,.2267184969662336,2.763996084907996,6.219631925997876
a0000395,Ch,.08515755143097387,2.783981966603057,3.354588879247866
a0000396,Xe,.1602321190807452,2.740616925223715,2.551108103898652
a0000397,K,.2473964507087822,2.635023628526833,12.86314649169982
a0000398,C,.2225964304259126,2.743276571547238,9.542258672865337
a0000399,X,.07509840829684457,3.054173308972235,13.10135874477157
a0000402,K,.1119085142382675,2.558791205424824,11.8312303015527
a0000403,S,.09813676066101211,2.80874677189296,9.158849660823575
a0000404,Ch,.1986517252926867,2.594236556667695,14.10530449963838
a0000405,Ch,.2425326171904119,2.585483565877912,11.94163483732596
a0000409,Xc,.07259087417585748,2.575545296470916,11.268151850201
a0000410,Ch,.2423869365382866,2.724259912538743,10.96656880170252
a0000412,C,.04271969162143034,2.763192756552469,13.76820299996204
a0000413,X,.3412646987176217,2.585541898900311,18.72616772403604
a0000416,Sl,.2181838169764351,2.791704753567275,12.86312117385682
a0000417,Xk,.1359898585137207,2.79831696968333,6.648538257319315
a0000423,C,.03588164099802508,3.066441100279399,11.24426450678053
a0000425,C,.0596941509710265,2.886808475639493,4.047556774262603
a0000431,B,.1701010420741626,3.139731471898862,1.827625149833578
a0000432,S,.146156337707624,2.368655920144168,12.12223088610096
a0000441,Xk,.08010624752591997,2.806762589016934,8.15924483025335
a0000442,Ch,.07101324258673236,2.344948751596495,6.069625322865638
a0000443,Sl,.04080051017849944,2.215192327301109,4.234976618112185
a0000444,C,.1756007250477775,2.769286299100314,10.2769596384065
a0000446,A,.1267765875130667,2.788538956969089,10.62230721254368
a0000453,S,.1088478227923309,2.183198004909388,5.550035175360954
a0000456,S,.1788343733965762,2.789067705396117,14.43869182224817
a0000458,L,.2416917140323812,2.992953321262749,12.65385451224255
a0000460,K,.1063022661175894,2.716135241152842,4.636798687824947
a0000462,S,.08799001006151676,2.872398803610285,3.192670005678403
a0000464,C,.2055358777228548,2.800234946845439,10.17000774168045
a0000470,S,.0940032463714696,2.405197288939978,7.226290810969664
a0000471,S,.2286186619007832,2.893827046097588,15.01716440133764
a0000476,X,.07248560368494135,2.6507679615651,10.92618258100051
a0000477,S,.1877241391445746,2.41568281361029,5.287416136918702
a0000478,L,.08286327918201308,3.016198754464428,13.18342320733555
a0000479,C,.2188529743176889,2.720197661137945,8.682385243032147
a0000481,Ch,.157416403545381,2.740513599584191,9.844594809516046
a0000484,S,.05816507519774052,2.666794725440612,12.51364200036354
a0000485,S,.1924855315627264,2.74884767873612,13.86595088129398
a0000490,Ch,.09373890318918929,3.171908236413544,9.27821833564626
a0000491,C,.08724021349436352,3.189496346718981,18.86353742806057
a0000494,Ch,.06460148081636216,2.986421418141444,7.084995474823764
a0000496,S,.07948620647833086,2.198598379321384,3.791421728474005
a0000503,Ch,.1763372036543757,2.723148002691492,5.010391839559097
a0000504,X,.215067900283145,2.722657910593427,12.89775596817736
a0000507,X,.1003930620507447,3.154340919268973,9.49757019519274
a0000509,S,.09545650496937788,3.064082398499452,15.40821048891123
a0000511,C,.1881349692968724,3.164880378557866,15.93822347666015
a0000513,K,.08389464765878032,3.013883469812242,9.732480366822715
a0000515,Cb,.1753927154783788,3.119868673494779,2.038492726222429
a0000516,X,.2720024055391929,2.681776410630628,12.95697109914119
a0000519,S,.1831145204807621,2.791492082361763,11.01242132971041
a0000521,Ch,.2816207777554096,2.740566380684889,10.59746137505235
a0000523,X,.1780967858779153,2.966152659958725,4.313064978219125
a0000527,Cb,.1501707716308421,2.726534940847727,9.660135340154849
a0000531,B,.1972279793970696,2.786240366247996,33.98966767321365
a0000532,S,.1753527018431517,2.772546200291445,16.31537443687894
a0000533,S,.04537357745879288,2.97833250142215,6.556866093439121
a0000534,Sq,.05854779371652605,2.883532786131677,3.275141919481473
a0000539,Ch,.2131710709774155,2.738429096098767,6.799199347177297
a0000541,B,.04984307169196637,2.815778799924102,6.002483135566031
a0000543,Xe,.1542926678653408,3.057054478147271,8.479474400482385
a0000547,Xk,.2348494496479922,2.774735785955337,16.85788892435007
a0000551,C,.1221270703910465,2.967778161598646,.3965779078164639
a0000553,S,.1100577253498839,2.230630075581401,5.389819344513493
a0000554,Ch,.1533181433390209,2.374422896352189,2.934718779981087
a0000555,B,.1496091190884847,3.189969811523312,2.646050972172461
a0000556,S,.1036824878562313,2.464368610918264,5.246060720639495
a0000559,Xk,.06578706692935225,2.7117235540874,9.301365147001164
a0000560,B,.1610655275929233,2.749918156005148,8.469424072166097
a0000563,Sl,.2358063343710505,2.712400824626763,10.24300772461095
a0000564,Xc,.2776801547236676,2.746319680058788,17.9937392211268
a0000569,Cg,.1812476149203875,2.657419587456237,1.291436022902227
a0000571,S,.2439456810948211,2.408931987607567,5.227982232149381
a0000572,C,.1576204837640884,2.400130093178312,10.57900375561392
a0000578,Xc,.1923511451940844,2.750585066235494,6.150198603531083
a0000579,K,.07792992239617065,3.012229603497146,11.01926060673781
a0000584,Sl,.2334708441286925,2.373760014677803,10.72379923088417
a0000586,Ch,.06155855151836415,3.045642509346893,1.62804299591302
a0000592,K,.1330712730879206,3.021559097756197,10.17520147079415
a0000596,T,.1633217245674881,2.92875153025549,14.66140049374208
a0000597,S,.1452403262776474,2.670482708691551,12.8045471461255
a0000598,X,.2499755166490121,2.761362067681594,12.22817592170819
a0000599,K,.2918314849120339,2.773857790401332,16.70761930225626
a0000600,S,.05641363133822642,2.660643774255166,10.20008560160013
a0000601,C,.1036789799315304,3.13526587895002,16.14268033840834
a0000604,Xc,.1978529250024115,3.148177634564236,4.419131987756203
a0000606,K,.2201582539439779,2.587226662793261,8.599496352664266
a0000611,L,.1225075252359454,2.977298235329067,13.44622402940088
a0000614,C,.1105977465784857,2.69320564775636,7.027043028321271
a0000622,S,.2431775446961234,2.414335074525769,8.637032180789943
a0000625,Sa,.2282443592080257,2.644102511353843,12.07985582030923
a0000626,Xc,.2428828188928609,2.572984614446916,25.37154104876746
a0000627,X,.05816667828935185,2.900852471922267,6.47246241734667
a0000629,X,.1539514931094254,3.143345429153584,9.258285040866923
a0000631,S,.08184125459106582,2.793201756463257,18.91739463853616
a0000633,S,.08350841818720467,3.018797790415748,10.90143312886764
a0000634,X,.1824198589006784,3.051860009698824,12.2813949281621
a0000638,Ch,.1591211927072923,2.735272755487279,7.713348799843816
a0000642,L,.1227149142962967,3.197463736471133,8.149713474546761
a0000649,Sq,.2789832239602233,2.545743517664792,12.71548307586612
a0000653,K,.03960317046850925,3.014321352209415,11.29158199319237
a0000654,Ch,.2311441525898676,2.297174525730221,18.12626697537425
a0000661,K,.0345191593363908,3.018485024193405,9.227519252216915
a0000668,Ch,.2357306422510307,2.792565447510919,6.843624190705635
a0000670,S,.1939902169087601,2.801493919957537,7.535634207373269
a0000671,Xk,.06675612713874932,3.092851178654039,8.027050301804877
a0000673,S,.01085732197321643,2.81415888629887,2.877536084808481
a0000674,S,.1954532267742769,2.922543819304666,13.50979842894133
a0000675,S,.2036249293518686,2.768576648430407,9.804560322611856
a0000677,Sl,.05050954040228058,2.954479155466407,8.486978086063298
a0000678,X,.219212892392646,2.572502834034129,6.094317866320837
a0000679,K,.3095020849490375,2.588806477163653,24.39667450411189
a0000687,X,.272652741369294,2.720867888479912,14.87941729415748
a0000688,C,.1398581443396373,2.698118338085801,10.24252326755289
a0000702,B,.01724409997308047,3.192326702405168,20.60222856268512
a0000704,B,.1546583254707291,3.057946071879848,17.30973948004646
a0000705,C,.04975219454106821,2.923332712393941,25.01382476223121
a0000706,Cgh,.1941887485020544,2.729305673728577,14.42896754709458
a0000712,X,.1870192838756406,2.574431174344683,12.76498779090999
a0000715,X,.08288022480216199,2.768284172126311,13.8197603940233
a0000716,S,.08634770818311908,2.81491190880378,8.480344514080834
a0000718,X,.1991971857375383,3.057098919200518,6.928381538787997
a0000720,Sq,.01874989286621452,2.88606102199224,2.354189211899344
a0000723,C,.05471421782856038,2.992900015378305,4.989675556612596
a0000729,L,.0975701534253393,2.759228645186373,18.04930635597078
a0000731,Xe,.1407382705590138,2.988401566877765,10.68843681161033
a0000735,Ch,.321653289551057,2.729290692214684,16.879020431728
a0000737,S,.2452825046837256,2.589509761866871,12.36892488797282
a0000739,X,.1439264288043708,2.736688641216836,20.66199874063399
a0000741,X,.07046543995072803,2.71932920314379,8.413727705560035
a0000742,K,.1176032773747528,3.013302878258973,11.21826318416116
a0000743,Ch,.05941360641921246,2.793264117491451,4.834526672989338
a0000747,C,.3392297216891925,3.005864082446925,18.18137323106299
a0000749,S,.1729982797782546,2.243848419044985,5.394244098277142
a0000751,Ch,.1525922833416111,2.550518591005265,15.60768176550673
a0000753,L,.221376252417736,2.328706124738873,10.08980072440712
a0000754,Ch,.04932945721151787,2.988138237974052,24.53604079610988
a0000757,Xk,.1096207874390063,2.373002510414695,8.168654731623969
a0000759,X,.2055110358204,2.618480300339623,19.90405276175002
a0000767,B,.1819183399729583,3.122286470733909,2.412029499376644
a0000771,X,.2473380112823969,2.653594415180581,14.92813782594492
a0000773,T,.07874931045837129,2.858010777946819,16.66643614084973
a0000776,Cgh,.1650641313706664,2.931359267698592,18.23708118979023
a0000779,X,.227651266328809,2.662977471573964,14.58227694143832
a0000782,Sl,.0388264556205199,2.179954642840572,5.261485816349836
a0000783,C,.2297360352481874,2.342281087591702,9.341015974207437
a0000784,C,.2426733613176234,3.096713564063354,12.28325500466375
a0000785,Cb,.2106398540667656,2.568726737834546,12.77140306201413
a0000789,X,.147858904912986,2.684982414867461,10.78203686681495
a0000792,X,.1313829565259119,2.621719823745804,8.625136175317104
a0000793,S,.1253229398094163,2.794530912409799,15.78797046454903
a0000795,C,.1027335274811478,2.748143036327872,19.05455385708119
a0000796,X,.3203249239828335,2.633740838268457,19.05294646723517
a0000797,S,.06094189005003222,2.534616973908681,4.513028349051067
a0000804,C,.1402005762105245,2.83868439040046,15.39302294077767
a0000808,Sq,.1286462402742379,2.744468925325569,4.721943876063886
a0000814,C,.3072045134680911,3.153396205829029,21.82385570913953
a0000815,Xe,.07607072855275518,2.658714046365099,13.86780522562205
a0000819,S,.1417233962275778,2.197802560894146,4.895619425501215
a0000821,Ch,.2125774155783136,2.771188407685622,5.399759801746697
a0000824,L,.1377666991276001,2.792313252809822,8.126911214944162
a0000825,S,.07492751159003057,2.225774461901837,3.399608699164642
a0000826,C,.206040750418358,2.712203109030238,7.106775413991742
a0000845,C,.06984363307407687,2.937823537394613,12.61031096510392
a0000847,S,.09575713618186296,2.782330510901657,2.481883962185572
a0000853,Ch,.1056349381490036,2.312128333788527,9.215310817582143
a0000856,C,.1189222387364432,2.435958591170913,14.32052681586472
a0000860,X,.1064535687430796,2.79736659779195,13.29653710465003
a0000862,S,.08206124803529782,2.803358620874625,13.88617023792784
a0000866,X,.05218202913374402,3.123668831880591,8.661546443827111
a0000868,Ch,.1491140903613163,2.702149541636759,5.838181791385565
a0000870,S,.2650005368321966,2.321385144337273,6.192400908697069
a0000872,X,.07882112764488115,2.732186327124875,7.37409827499719
a0000886,C,.2701452419007176,3.169914947867712,16.86623763779391
a0000897,Sl,.09506823564295309,2.542404611272756,14.33064126629951
a0000898,Sl,.3712227709646295,2.730945650739166,10.08767957272946
a0000905,S,.1536862872096999,2.21559139605716,5.325790230889379
a0000907,Xk,.1607321092894031,2.803106946821781,19.55028061781746
a0000908,L,.1479039500992523,2.472436989882018,13.41550085244131
a0000910,Ch,.1539233600782635,2.925788590903507,9.209082913053384
a0000912,C,.1755058798890783,3.137454567934746,18.32820784124986
a0000913,Sa,.1706250102277169,2.197422552556056,5.805940544250261
a0000919,C,.08325520204145637,2.772061095375471,8.165973258500813
a0000924,X,.1535097436614961,2.941436739852997,8.981544386784293
a0000925,S,.07914727792275468,2.702292159232219,21.08433162771905
a0000929,S,.1131580980510287,2.238859314329355,3.91329504469482
a0000930,Ch,.1436223213611345,2.431442160653691,15.33324425289261
a0000934,Ch,.2181096285841538,2.747694487248469,14.07049434078226
a0000941,X,.1962860169298664,2.783637600174623,6.62543775903606
a0000945,Sq,.1631203318634534,2.635655457451702,32.88942694156958
a0000950,Sa,.1579852441311297,2.372053323891389,23.47359963083595
a0000951,S,.173680730085309,2.209738531264004,4.107051259404488
a0000961,X,.09088421154424696,2.693773618295876,10.99243425630721
a0000965,Xc,.2822581905010199,3.153577779527892,21.45742767839688
a0000970,S,.2714973450275558,2.559953152506498,5.032458985279774
a0000971,C,.1622613502702541,2.64014212328247,13.7923786015427
a0000980,L,.2031244161441531,2.738805012981089,15.90841394426539
a0000984,Sr,.1973146065034024,2.80225467302452,9.093914865301713
a0000994,S,.1163548862747021,2.529196225565177,15.41060298578665
a0000997,Ch,.1830162573599351,2.669414915707406,10.50875536006745
a0001007,K,.1116501823097578,2.706233091124343,2.54299963796887
a0001014,Xe,.1995800639586844,2.805831989129478,2.268963024676721
a0001016,S,.1283672871615274,2.219316217354493,6.034353566368483
a0001017,C,.07858261530111041,2.605274838198167,7.927574033312158
a0001020,S,.0441042409758132,2.788665955989446,4.059705298551745
a0001021,B,.2854555226060655,2.736281385212008,15.87074610737995
a0001022,X,.1746216050887142,2.804255115845482,21.05723901833416
a0001024,Ch,.2227580090894936,2.870362282040376,16.08447841489749
a0001032,X,.1427786731872198,3.127950416973388,9.48422829405089
a0001034,S,.2631267487584212,2.29287955001293,3.971477400708479
a0001039,X,.06007648368286995,2.681857195795447,4.554656079500629
a0001041,C,.1441137369402654,3.071492674735711,13.93589127646506
a0001045,S,.1598698860548602,2.358474764464086,.2648102781006722
a0001046,Xe,.06470215541076162,2.982752900414881,7.899245813749634
a0001048,Ch,.1805829484207781,2.732684016801537,15.80886266304944
a0001052,S,.1435455470226613,2.236002188815258,4.697051341690102
a0001055,S,.2081590756971165,2.198868321214212,5.277226083170795
a0001056,S,.1778109055698725,2.229930728629588,5.427716874090279
a0001058,S,.1877365718573887,2.196208493037781,3.693135719290984
a0001069,S,.1101566464757244,3.126715227111733,13.56170677740585
a0001071,Xk,.108989706075239,2.804411654181824,5.365032627983505
a0001076,C,.1458721242462222,2.473658185973401,3.320253412717546
a0001086,Ch,.05411617254646003,3.163427333766533,8.358199529480439
a0001088,S,.1955396670229061,2.201609580444601,7.652198751258003
a0001094,Xk,.1333547257691368,2.545094293781639,14.02613725245551
a0001098,Xe,.1185702904949421,2.687864658016681,13.37805241602007
a0001102,S,.1105411554524185,3.068548641587548,15.82824430843757
a0001104,Xk,.3437610325251628,2.629267127907474,6.441828821201006
a0001106,S,.1263606632093844,2.596175143907571,13.06423148162003
a0001107,Xc,.124130779711129,3.183827865115035,7.074411765801139
a0001110,S,.2412312246021842,2.218330891291559,5.856048717354854
a0001114,Xc,.07100755606977735,3.096291787245134,10.71785319520575
a0001126,A,.1466387710953101,2.27291176999127,6.502064022715945
a0001128,C,.04507972594414291,2.786611664821718,1.012652887560331
a0001135,Xk,.1159001810706294,2.66516625441618,4.540487071832842
a0001140,S,.1126280059601953,2.77154795231973,14.13591059081425
a0001147,S,.2317598122105829,2.271008351821091,3.881604226449718
a0001148,K,.1083611922599048,3.016819108099789,10.82852757712443
a0001152,Sl,.04197942846762239,2.426391842972573,5.07902779682425
a0001155,Xe,.1641917895318383,2.463888564557672,6.592957843220796
a0001176,C,.1434568665494403,2.692107813157569,6.646361951606457
a0001181,X,.196281686162631,2.66251745782796,5.603395402684309
a0001185,S,.1056977251920792,2.237153948428751,5.701420231929643
a0001186,Sq,.1007963918687516,3.021154022222351,10.75102796969693
a0001187,X,.2225082077913731,2.639750478178221,10.69713746308591
a0001188,S,.1807295552696709,2.190219994831795,4.816684300750076
a0001189,Ch,.1145883415485893,2.931944354364753,9.868123424681825
a0001196,X,.1792222645034642,2.653313827872699,17.66671907488808
a0001201,Xc,.03897243425743131,2.699715547668823,7.000629332818121
a0001214,Xk,.1175393674646792,2.710914106366158,9.841154507258659
a0001222,X,.2498304478557272,2.793874689562563,19.590259438619
a0001228,S,.04195737079607082,2.768056708768753,3.280411059546335
a0001234,K,.08638425398094772,3.015193105166853,8.525587140850288
a0001248,S,.01655920227499411,2.721977875864606,9.138657938234131
a0001251,X,.1578373884050183,2.715718161281689,6.049873756364379
a0001252,S,.2075800107839512,2.694271712871562,33.83855558265758
a0001262,C,.004735195822666664,3.002044039865505,13.130793718767
a0001263,Xc,.1886907787379029,2.665392301403183,29.26823220912224
a0001264,C,.1553151640048528,2.86570966579535,24.95446370502771
a0001271,C,.1202258485738417,3.14092288118908,6.681312120364064
a0001272,Sl,.1506364455271555,2.784386622281181,8.415392943633375
a0001277,Cb,.2371810156545382,2.700518061546293,6.968628970853345
a0001278,S,.2629785065668266,2.405318985951687,10.85549759173674
a0001284,L,.1712357939812489,2.645028761888018,10.88566613204313
a0001294,C,.2339614163965241,2.685567870232251,8.72750635527413
a0001300,Cg,.00553667995631916,2.783543751798162,9.552198830617391
a0001301,C,.2699070074896845,2.766292550164944,34.03450244398513
a0001304,X,.1176141513067007,3.19598024017801,18.99413210756054
a0001324,Sq,.1634700986177044,2.184963241988374,4.519406804080892
a0001327,X,.16037508412385,2.782181859110846,5.819239285034968
a0001329,S,.1727689330730915,2.616751136124157,14.46896072443646
a0001331,B,.190610165336084,3.097608593237754,3.101106301866269
a0001332,Ld,.1321101598670147,3.062963126004305,2.456330034607359
a0001336,S,.06521703608155711,2.849078761432362,3.197494882160141
a0001343,C,.1135465344974548,2.568357220699511,6.035445604323058
a0001348,Sl,.1371268042025503,2.791623091388065,6.588657381282202
a0001350,Sa,.08947865677280542,2.856659932866722,2.939299041123763
a0001351,Xk,.06734789706077331,3.195149066787379,9.643075276915583
a0001352,X,.06638737358739065,2.7771526233779,3.757341914580645
a0001360,Ch,.2139014235908838,2.634698413164571,22.82655347181015
a0001372,L,.1485067364910464,2.766932059413437,16.44757103605829
a0001385,S,.1072268896484334,2.741174153955821,6.921489604584507
a0001386,Ch,.2865083733623031,2.364559152020325,11.82162096350326
a0001403,Cgh,.2945151215606749,2.716118477834397,10.18032882700326
a0001406,Ld,.09619168339926799,2.698635280320016,12.41200928982667
a0001407,X,.2826885506738988,2.763284515713861,5.820255834560476
a0001414,Ch,.1610378511079492,2.78422183743316,8.855011659472257
a0001420,X,.07632171767078866,2.749390318123261,3.485586251793759
a0001423,S,.07992187358841595,2.860381243981921,2.907141146435951
a0001424,X,.05753422003225739,3.19157401625731,9.16345423189699
a0001427,C,.2118618407865797,2.750529667378799,9.346778801707801
a0001428,Xc,.140758081420101,2.810580327409778,17.30481254816254
a0001433,S,.171062364476099,2.795938294708322,8.236528948808891
a0001458,S,.1797007274229664,2.627344210507598,12.53728507725125
a0001471,T,.1184479781938638,2.716277506120548,13.60600753657282
a0001480,S,.1091024455909042,2.202437568125023,4.861890715681511
a0001483,Sq,.1764129449239104,2.718995960551642,4.495196114938914
a0001484,B,.2035254060109487,2.738395302242979,17.30249653823509
a0001490,Xc,.1548148139278077,2.353555845970111,10.02149188226671
a0001493,Xc,.2011367378740461,2.429922432399436,2.577153170461788
a0001494,Sa,.1307161810151276,2.190167814760429,2.455519197173112
a0001502,Xc,.08869822353885311,2.731234117551394,4.095107199079084
a0001510,C,.1483099635845881,2.671705186762911,11.82158387184951
a0001517,X,.04551515185193832,2.716996211251192,5.277222211053949
a0001520,C,.09485867012210059,3.110640183332415,15.27779096855868
a0001534,Cgh,.2519654617263349,2.728845919495631,9.793860731283493
a0001539,B,.1902704653610288,3.145172792331335,1.731905425187849
a0001541,Xc,.06994401245538594,2.767332885639267,4.871024801231852
a0001542,D,.1163157407311148,3.094039614477394,2.766190440365997
a0001545,K,.2383224108424862,2.769197753167528,2.954011059775555
a0001548,Xk,.07917710395713383,2.787965594884438,16.54599162660692
a0001549,S,.0843814428635255,2.230738962725412,5.548449576835204
a0001550,S,.3136442195310183,2.543985510023709,8.881042658842309
a0001553,S,.1004608008746978,2.905869353114726,3.235157668101729
a0001560,C,.2139083580852038,2.683010746954396,6.286524442633177
a0001562,S,.07790453330902999,2.226254028872706,4.883670606132616
a0001563,Sa,.08603975415558665,2.191091887702874,5.982623102823334
a0001587,Sa,.1534447607835336,2.546523273206001,7.827476983660019
a0001592,X,.305379833233493,2.765724386224617,13.53721047072034
a0001594,S,.1952347108531332,2.268902867943404,8.945856803749082
a0001601,Sl,.1297704939998392,2.234426946913601,4.9400065592661
a0001603,Ch,.09541113065958952,2.754558666278605,8.557939382570703
a0001604,Xc,.1020299990835586,3.023690231526658,9.394902477142013
a0001613,Cgh,.2618848472213408,2.734403429894642,7.985349639050581
a0001618,S,.02740777119334649,2.868874935549784,3.224872848332269
a0001629,S,.1550442943121214,2.237788560283034,9.700236494963644
a0001634,S,.162131859990883,2.246257041906136,7.598156497645286
a0001635,S,.05789924680297409,2.854353317459053,1.822109301474291
a0001638,X,.1875298591623399,2.750578354459673,.2927357019919212
a0001642,S,.06615951047346676,2.751968682438731,10.80030493100486
a0001653,X,.3235412092771057,2.609534047268744,4.070556828419267
a0001655,B,.2354484589891983,2.779324143370796,9.601126485663363
a0001659,S,.2592236175230347,2.784560843914601,16.42576015363303
a0001660,S,.3012978004641682,2.395443845405699,20.57323826054512
a0001662,Sr,.1724205094138292,2.742643469349384,4.229086771225012
a0001664,S,.2243794137561066,2.339285110677506,6.117520313755263
a0001667,Sa,.1559050327092957,2.190138896474312,4.61738450728721
a0001680,S,.1825326120933765,2.725212725179022,4.261393616248776
a0001692,Cg,.1384745224846906,2.787134939740967,2.427260689357803
a0001695,Cg,.2899888960161884,2.785135512469484,16.6946444059822
a0001702,L,.1440847359800294,2.855364457216512,9.965886330048095
a0001705,B,.2450889756549487,2.29943163994409,7.708574346464254
a0001706,S,.1145224912487432,2.125689600836793,1.876131134440329
a0001715,X,.2410151432257976,2.398390102376535,11.47062214893608
a0001716,C,.08989194984210666,2.734561960742226,5.733966097386147
a0001724,B,.05772372307277605,2.710690132315551,12.23179597915548
a0001726,Cb,.04248321911341075,2.787804502103048,3.483604871592853
a0001729,S,.1008759573956627,2.229872426110761,2.441837739566952
a0001730,Xe,.222259104090173,2.786306652139442,9.486241023127356
a0001734,Ch,.2309065592681886,2.776874381499193,8.344921405296734
a0001738,S,.2028435321206084,2.183294166181446,4.877152327687552
a0001751,S,.1746610751224758,2.788724462365787,8.13149591331833
a0001766,C,.08847877476122767,2.748133005632015,5.228528338569135
a0001768,C,.1790951309298914,2.449873006873459,3.254659222516243
a0001777,Sq,.01786597255980985,2.626889077019096,3.146178655710099
a0001783,Ch,.1327391175722028,2.661685404577376,11.50038368043215
a0001785,S,.06931230166582716,2.236008518752448,3.774704443650479
a0001795,Ch,.191167952094852,2.784869485970578,7.528319395044316
a0001797,S,.02384472719174289,2.236737706009717,3.139556757482152
a0001798,S,.1222723597617711,2.198775280834602,6.19303005017917
a0001799,K,.118202858235931,3.026722842968487,11.48882035113821
a0001807,S,.1785542949544296,2.225963885943771,3.491930072947506
a0001830,S,.05631152733410756,2.188423661179483,3.954038619659784
a0001831,S,.1279411602301841,2.239208362948565,5.633459733490681
a0001836,Ch,.1912820931826197,2.785335284166833,7.021523619307412
a0001839,S,.168211563854988,2.799724538787582,10.16580218424792
a0001847,Xc,.02092544991665562,2.609974437061688,11.14469082641941
a0001848,S,.04599899214637815,2.869985721442367,1.440931566055004
a0001856,S,.07958926637050104,2.236657349132476,4.741197919384691
a0001857,S,.1350648742665129,2.243571237981025,4.401007575563384
a0001858,L,.07807812842015337,2.698046459333012,1.661395563530874
a0001860,X,.201036601144872,2.567836714243715,9.918298157291689
a0001882,K,.09201323661341368,3.006737278070819,9.485826775706592
a0001888,S,.166991574641149,2.548057671774258,5.859762300422131
a0001891,X,.06832705747913756,2.706795785959704,11.50549019547524
a0001903,K,.04503315454152933,3.005153934490043,10.96248821557706
a0001904,R,.07245597406177512,2.743750154402034,12.82481878062694
a0001923,C,.06304868912848514,2.435027918930777,4.957871223792313
a0001929,V,.07444865109062383,2.362426838853644,7.779972981151795
a0001930,Cgh,.1415736793516635,2.89901760966279,14.05547696762107
a0001932,Sl,.1589897629905858,2.371804067174144,1.89074390673229
a0001936,Ch,.1360311377727538,2.677400640287732,10.25625586056775
a0001948,S,.168676200691018,2.533888414315651,5.82685695642911
a0001968,S,.1120798105467907,2.740533667646529,4.595221882667844
a0001970,Ch,.1578012770433208,2.780629230697725,7.067650372423708
a0001977,Sq,.07355661730560198,2.780010081050968,7.766144332219712
a0001989,C,.07662592468245254,2.351490169588507,7.764454721419829
a0001998,Xc,.06370179716673342,2.418913764475055,7.624898485239909
a0002019,S,.1652295404485649,2.241032521084799,4.044318886056144
a0002022,S,.1177781208560594,2.707462862475325,5.655154383325866
a0002029,S,.1278140775212968,2.3509487462048,5.588442731465795
a0002038,Sa,.09060676720008136,2.43529104764733,14.80951974628477
a0002040,Ch,.1857963518130225,3.122765134294054,14.64374830677886
a0002042,Sq,.1509602088507862,2.752774055574595,5.316601128442701
a0002045,V,.0557434812776442,2.379498786265664,6.905830137957878
a0002053,S,.1440593349114765,2.80079469001555,8.505437195292311
a0002056,S,.1389534767418721,2.217893976441021,3.936007699413078
a0002065,Xc,.2343610765345319,2.69748109570422,6.435778608054874
a0002073,X,.1123998705937372,2.715332471933051,2.963745546258326
a0002085,L,.08638859216086524,2.698794077661199,3.834423673516401
a0002086,Xc,.11100567297435,2.402096576236161,6.48088503448631
a0002087,S,.05816756771717289,2.205575779566694,1.828921708489234
a0002088,S,.07901617806785255,2.207149219280227,5.539353739463943
a0002089,Sq,.1563175791183758,2.533757627552862,15.3783634999245
a0002106,C,.09607876984882607,2.705049692580113,8.027420941512959
a0002107,S,.07866591199458216,2.626692634159354,8.827617168741407
a0002118,S,.22060607683918,2.546155679125499,6.300246817253944
a0002141,Sl,.1299158405948192,2.803745379573923,5.93937593589316
a0002147,Ch,.05603062318457092,3.173164569703443,10.08024436034742
a0002152,Ch,.2202675555466248,3.125222317012298,13.96430796070682
a0002157,S,.1121176156119254,2.782712441033901,8.626032499924328
a0002161,C,.1626312570741826,2.747687082423471,7.304967973251767
a0002167,S,.1842193857648653,2.542565346740057,6.02731570683608
a0002169,C,.04931932360878755,2.788025608895556,1.527471574260756
a0002185,S,.1598900559701959,2.710247019474084,9.59501106802781
a0002189,S,.2263518343309648,2.402909488705332,13.91780342716374
a0002194,Xc,.04234184500365246,2.327883466740718,8.523885706964924
a0002231,C,.2520579057837931,2.727779680550425,8.236246913016791
a0002234,A,.1987997008711123,2.700922619754234,25.23435585102241
a0002244,C,.1811157896735464,2.811354193910414,7.823302073028101
a0002251,Cb,.1492385390699149,2.709587626366848,7.439503664572206
a0002258,C,.08092808081879078,2.693254512917449,1.478999556049887
a0002268,S,.1159740622599375,2.938915071570105,3.304688892805067
a0002271,T,.05939612725376964,2.75949148722462,3.388688852550771
a0002280,Sa,.1407319745819894,2.179292108676361,3.568783311184043
a0002282,S,.0799875095737546,2.203179716791413,4.982965889640056
a0002305,S,.03117071941941301,2.786248151473881,7.457714068809576
a0002306,X,.06455041428277407,2.731265968830239,4.234902695302625
a0002308,S,.1721983796473465,2.548392369073594,14.17498544514844
a0002316,C,.1662058762041362,2.451151853650233,1.816995421366684
a0002317,S,.1644384852826858,2.52417457284085,4.167692834003494
a0002328,C,.1457997109318867,2.341912841468456,10.01348965064367
a0002331,C,.2204263011251864,2.426190094696764,3.712255467060761
a0002346,C,.1566075730611496,2.371215555453583,5.925862077751231
a0002349,Xc,.1202453967662072,2.767801813079869,17.48923597869271
a0002353,S,.1130056326632271,2.804899923364049,4.79554132800981
a0002354,L,.1031881950142591,2.730462156532354,3.268961765998492
a0002369,S,.04705151326469097,2.782186979162015,2.631859755113016
a0002370,Cb,.1824081867679814,2.714551983695886,8.265193591338306
a0002371,R,.01360133191439887,2.440319579543085,1.778838628074966
a0002373,S,.1718109332337574,2.796145329723074,10.07883403413831
a0002378,Cgh,.1425244048432604,2.88884556907622,14.24553685522301
a0002380,S,.05972846928610467,2.191880980300953,1.921254198482508
a0002382,B,.3292696135610553,2.760684366632385,30.99105435133968
a0002386,S,.1587721883411825,2.813593512761002,9.085399775438178
a0002390,X,.1439588017773514,2.620567023201914,10.32795880382172
a0002396,Sa,.07172495926962627,2.79541888214312,12.58925511761022
a0002401,S,.05924559849334469,2.76947958894498,4.328501670232884
a0002402,Sl,.1305202413826352,2.221820732350642,5.16814017645569
a0002409,S,.1914571045786317,2.265811977171166,3.512401547316518
a0002410,Sl,.06287453026551709,2.21540293694243,2.396603723120346
a0002427,Sq,.1657703194163307,2.739227395541307,4.162306089922088
a0002428,Ch,.09612398461767685,3.164286485156357,9.312849073862232
a0002430,Sl,.2147786669934817,2.361863107767404,23.45965148353784
a0002438,S,.1081585484125931,2.243787263571724,4.900949797227054
a0002444,C,.1320008284640711,2.728131732742028,15.12164998055819
a0002446,B,.1612916642359379,2.354927564126904,3.310940781934996
a0002448,L,.1174542277399786,2.79025342525049,17.68759172211154
a0002451,S,.1528710020819626,2.723222259308599,8.592073924343653
a0002455,C,.08774691699555978,2.727665836823419,7.540952472157466
a0002465,Ch,.07333415496326372,2.754000740924279,3.853052321589741
a0002467,Sl,.1603124678948957,2.213219098082944,5.800331882073091
a0002468,V,.1559869510734258,2.326482012511131,5.720913947276513
a0002478,S,.06883756970035153,2.225353243671016,4.139866610506707
a0002482,S,.06500578593174065,2.928069797074496,3.131275422965313
a0002493,S,.1689340058602664,2.790002008155285,8.726805846411175
a0002501,A,.1962781425669059,2.421757214843505,3.302694753294507
a0002504,Sq,.08873273764314782,2.760169132419706,4.072838888963304
a0002507,Xe,.08159238511453726,2.781304363744174,10.31859070189035
a0002508,V,.1272173898543665,2.368250429908951,6.080574925680966
a0002509,C,.1943806013024365,2.456261620072455,2.850808040304777
a0002511,V,.103760951511976,2.298388670136974,8.047903052555938
a0002521,S,.09339842903162825,2.792236172518801,7.723399688380797
a0002527,B,.1856035730232724,2.466537184839312,2.615016982813705
a0002547,V,.1280715212939939,2.385723549647513,6.190915296472158
a0002559,Xk,.1547061502766384,2.787577220235618,8.886451716251001
a0002560,Xc,.03504691066161304,2.749259054675154,5.936952302393567
a0002566,V,.07862029188015136,2.449187906963489,5.079269510786796
a0002567,Xc,.1420937024849998,2.73563615351055,8.914811796024985
a0002569,D,.1623370328026423,2.625889061051041,11.49528047008202
a0002575,Sr,.12313735656002,2.239973945941443,4.67389772812573
a0002579,V,.07485073815400484,2.210213623061369,5.775964308651277
a0002598,Ch,.2176073193093189,2.780723953947272,7.776524925259665
a0002604,Sa,.2332643575713687,2.387106233587975,14.84286339555035
a0002606,Xk,.2645259313421617,2.758399409089144,12.45189610524787
a0002625,S,.1411521212893787,2.195775182731978,4.460654829388965
a0002631,S,.1618915614463012,2.796838700203588,9.582059483039062
a0002635,S,.07859333111627037,2.231881010017282,4.167222001226365
a0002640,V,.08888158432266917,2.397145071567144,6.655143043532877
a0002653,V,.07967226101216836,2.443669090578875,4.747941838174
a0002659,B,.1034254222595896,3.127843066964394,1.321424972672931
a0002675,S,.1013743313299281,2.213391523157318,2.751229257017735
a0002681,Xk,.190182189436577,2.7503905635829,3.9811868514755
a0002703,S,.05701932124401512,2.193217022886777,6.031516106636594
a0002704,V,.09579261817559652,2.385819037251549,4.517925310321547
a0002708,B,.1775281299483488,3.08108094779281,2.78271689069258
a0002709,S,.06975710697224118,2.195090184589131,2.732765758203774
a0002715,A,.1499076526254896,2.735866229141102,6.745015282950244
a0002720,C,.2032354040274952,2.330591840666146,3.289308273781089
a0002724,K,.1200083870459727,2.926195781255509,3.98084994150978
a0002730,C,.1300120401425548,2.72095255045585,6.428400284288947
a0002732,A,.02311436428540457,2.761508474679044,6.493175642535737
a0002733,Ld,.1375377165572413,2.346208284523532,10.41185085703261
a0002736,Xc,.08508241271561569,2.290504998288648,7.460934651517894
a0002737,S,.195809664046304,2.746052202860447,8.823642461545075
a0002746,Sr,.08489851252811899,2.248020525671576,3.976210105566217
a0002748,S,.1347190402750713,2.808120994722891,4.218158449747816
a0002750,S,.07539110958227567,2.212387589836558,5.173186374440303
a0002754,Sa,.2319897613774943,2.228795075778558,5.711796886834569
a0002762,Cb,.1527106466752207,2.33039422586022,4.706004459942817
a0002763,V,.2182034842634633,2.404239855193833,3.541025586669301
a0002772,B,.204551797865533,2.314112834046953,9.789139817408447
a0002778,Cb,.1217326788258468,2.281359215867075,4.614566095121086
a0002789,S,.1634072943731368,2.227431624464631,3.817636637594673
a0002791,Sa,.1724072945362862,2.396046530392704,31.08389312721572
a0002795,V,.02815715939046657,2.295620312467683,6.042810977524548
a0002801,S,.171239711326308,2.80184286156928,9.554596336521675
a0002807,C,.1808644129413443,2.797360668822299,7.864675503746548
a0002809,B,.1804296122631478,2.428773256823298,2.474094771424855
a0002813,T,.1533409650149973,3.133654208113248,14.7644449167789
a0002816,B,.1880689712147104,2.727557693668571,7.712860903304622
a0002818,S,.1507887508239221,2.375941014245639,2.957197784840083
a0002827,S,.03042136460768688,2.308928366092524,8.621942007342311
a0002834,S,.1584451486506533,2.541978387339609,6.43443244348509
a0002840,Sl,.09291579151585019,2.398185475088162,8.509185988085065
a0002850,Ld,.04920442721638291,2.450419704005618,7.850023163503665
a0002851,V,.1232229385033891,2.478876699923584,8.54695787470818
a0002852,Ch,.08458544082980031,2.785465735848595,1.701443985422873
a0002855,Sl,.1684305196881361,2.453690147287177,8.143421209770452
a0002857,T,.09566620680748396,2.400340293078339,5.732226648869666
a0002861,Xc,.07182992655379049,2.473141355569078,4.041894170588124
a0002864,Ch,.1492638409683286,2.747081389783206,3.142335728150457
a0002872,D,.1209800379808913,2.740103012510918,2.873645962254391
a0002873,Sq,.1584679307491399,2.250745138014096,5.901140896821631
a0002874,S,.133733779811215,2.244476172588426,4.892952312909672
a0002875,S,.1038748500605546,2.795787667767691,9.045341767942366
a0002879,X,.1415223087292954,2.769289678374539,10.7164701786588
a0002881,S,.1548368296170533,2.247655498088913,4.615919882884564
a0002892,C,.2036892507076896,3.181207407324496,16.9343002342887
a0002902,Sq,.1987592999723501,2.202781476993155,4.377484527784332
a0002905,S,.09463990135768964,2.804794356532561,8.89876008141866
a0002906,Xc,.1048172962688422,3.1722883034905,30.68578473110595
a0002911,S,.09807567578307853,2.791799830651982,9.617974145232743
a0002912,V,.07131199931887688,2.289836608746723,7.277209973500471
a0002917,S,.112620504374482,2.795257246291463,12.81848526589741
a0002925,Cgh,.190520174065015,2.386765983829475,2.223027597407867
a0002929,T,.06778964074837869,3.122150764669868,14.88798529857579
a0002930,C,.02172616610456564,2.781548572694004,4.058484291859025
a0002934,Ch,.05165038933193306,3.169119017573101,8.796219393526918
a0002949,S,.1398357087090182,2.194565913193429,4.86587570968176
a0002952,Cb,.1714811641369202,2.313158244464312,3.318307843894594
a0002953,S,.02129237067164996,2.828738124495503,1.072646560350113
a0002955,S,.1155542386643214,2.180203082482914,3.592729512393715
a0002956,Sr,.09131207911402098,2.766016544771326,2.868956033217081
a0002957,K,.09312113962606337,3.018748400584862,8.714815494110555
a0002973,B,.1527548838718897,2.468303487786116,1.555760652665078
a0002977,S,.171324066452601,2.783097536950715,9.589756907530395
a0002988,S,.1237860638502967,2.607717029908916,14.73322585801093
a0002996,Xc,.03174323860503134,2.78116277309248,3.662344208300973
a0003000,B,.1804919464958208,2.351126621791595,2.751362089307525
a0003007,X,.13280217503853,2.368150674292829,8.332815818342135
a0003020,Sl,.05913749808088245,2.762052865788852,6.271467570254644
a0003028,K,.03154574890430926,3.017622571264344,9.513058898698079
a0003037,C,.1890749501481006,2.672741261063503,19.02408955991083
a0003060,S,.1774905614179011,2.277441036591369,7.25871875614187
a0003065,Ch,.06521479582712253,2.718352488392525,4.305384745385312
a0003074,B,.1105270572553001,2.339119829812477,2.415426778143854
a0003085,Sl,.1013576799086146,2.387398360415822,3.833473394834163
a0003090,Cg,.07352467621025309,3.172642247150916,9.561170777288263
a0003096,C,.1953427881934043,2.666088795085439,12.14984669921622
a0003121,S,.0855741209312071,2.227519332969974,6.365985599162331
a0003137,C,.1897345618221686,2.401119431058748,2.47878511686341
a0003151,S,.1360923159121808,2.764194932954475,19.49762473703193
a0003155,V,.0998454778876508,2.343851585994257,7.197956955387302
a0003170,S,.0885190160518909,2.927272958383159,2.015808839576232
a0003175,S,.2119889941947613,2.363591114395682,.6452226335982826
a0003179,C,.1613990948478303,3.087949477352268,1.760546812599002
a0003181,S,.0654580445502001,2.228764023585591,3.958586210095271
a0003192,C,.1684332814770207,2.377223050896503,2.878883094189191
a0003197,Cgh,.1810158122614443,2.665526447005494,16.4101500717575
a0003209,S,.0535712451916469,2.192133164433103,5.233255274175604
a0003214,Xc,.06123634105556423,3.011951841043826,11.51031882440213
a0003216,S,.3026451456259575,2.396398505025677,4.911278127066608
a0003224,X,.1677676522302927,2.781468720695918,4.318826495739996
a0003249,S,.2459709661890722,2.346584587874931,3.368898086345324
a0003256,X,.09911549255277489,2.777861866843566,7.83695913252939
a0003258,S,.1960219341409716,2.206278775856901,7.552516713874708
a0003262,X,.06657640766249026,3.007348215680034,9.458254870797948
a0003265,V,.1427614721539639,2.410633313540864,6.930334529973833
a0003306,S,.1447213079713036,2.247877640021248,4.526503516602392
a0003307,V,.09528580246090153,2.260193734975291,6.374500166612672
a0003311,T,.04095418664443511,2.789072033501997,.9310026222105919
a0003314,S,.04514463466252713,2.218027077386278,7.40611014429371
a0003320,S,.04811327575501875,2.458996187595553,4.065662032821099
a0003340,S,.1944289335876133,2.23365891387436,5.600663528947645
a0003345,C,.1900049770865006,2.473603578141567,15.85298514833582
a0003349,L,.03056127284646619,2.739075097709309,4.236167000551442
a0003363,Sq,.1017162648580835,2.776671303202755,3.331355981880484
a0003364,S,.1042663334436945,2.198905964744413,5.548945743586731
a0003365,C,.1735255308963792,2.712891083571229,7.799402760505564
a0003367,X,.0687877660936638,2.785098193758667,5.319736852005342
a0003371,Sq,.01314892238079533,2.738231238986612,9.66833140311677
a0003375,C,.02529125604752858,2.171664921422912,1.079884126614294
a0003376,Sq,.06604867056267723,2.349146839608634,6.347762784572057
a0003385,S,.04080446912100998,2.220651799261572,6.80300830571497
a0003389,C,.1388437726220691,2.771620689038743,7.062963007211232
a0003394,S,.1978421267250285,2.316638251412593,7.092520987205212
a0003395,Sr,.05710827068419089,2.792064188007196,4.029648408984945
a0003406,X,.1314634411140851,2.796917874945541,8.358924483900896
a0003417,S,.2269352286750349,2.423266975705475,7.949065598457333
a0003430,Sq,.09826623168758794,2.758217684195613,4.427950968925948
a0003435,C,.045782882036867,2.324428194393277,7.720580715840394
a0003440,X,.05510699661898178,2.804384681240011,7.540165765685638
a0003458,Sl,.1563756722351777,2.448922002235594,2.132047490668659
a0003474,Sa,.208210935694203,2.55595811147296,5.989586014025474
a0003491,Sq,.09708663143272235,2.791874457964272,4.01130515287361
a0003493,S,.08812371842082926,2.203512220788793,5.975924648437164
a0003498,V,.1020666933580578,2.354593300924703,6.238097893325494
a0003507,Ch,.1580921455273904,3.13223351159432,3.247802324663307
a0003511,S,.2008453262085816,2.745434776619911,8.672105799894304
a0003526,Ch,.09256449307689775,2.790745529754492,8.491835053316137
a0003527,S,.1211965822409328,2.291938124906403,5.513440890694285
a0003533,Xk,.1172820618577886,2.219539944330287,4.868645871423614
a0003534,S,.1949222497202659,2.752584492772025,7.638264065973366
a0003536,V,.05007752955726154,2.342768548337713,6.547747896665429
a0003542,C,.08739764120873968,3.176948768880032,8.084827421756559
a0003545,Sa,.05730090296622006,2.871603939528409,2.972880091138538
a0003546,Sa,.02657174267047264,2.693691773330794,7.026588026037336
a0003563,Ch,.18071680328579,2.790356310722761,6.95879977307812
a0003566,B,.1268189859175259,2.360833398832435,2.273277098047358
a0003567,Xc,.3125880097493572,2.785849065679998,6.823705080446117
a0003575,X,.1226337949199055,2.750036485698117,7.758965271470588
a0003576,Sl,.1324259882961452,2.394554768056944,10.09375012612141
a0003579,B,.3561926434082029,2.73401117627462,31.06133970427581
a0003587,C,.03942430316615852,2.703005865874921,7.827805757043362
a0003592,S,.1915478419243883,2.345485460768379,9.663819071910972
a0003611,Ch,.215351189082101,2.786330022713227,8.493648176838587
a0003627,B,.1470478879935881,2.34877478282016,9.712596372158764
a0003628,O,.2973259410022691,2.539941015790759,6.880470982344196
a0003630,Ch,.2059050229846464,2.768050641999983,7.421219812159539
a0003636,S,.1759934660513283,2.277034833381467,4.101175833788946
a0003640,S,.08689271954743481,2.224726326755211,4.311726637586287
a0003642,C,.0811029330994146,2.787230744611238,13.47232610152575
a0003645,C,.08269050450597738,2.699266601350592,7.133463026169993
a0003647,B,.1030248313428323,2.79916879026557,8.049495541422573
a0003654,Sq,.2016057804063416,2.261715412517629,2.109336474769029
a0003658,S,.06475905462784272,2.186144900132685,4.01249591657951
a0003669,S,.0705467889341138,2.214324861963478,4.827181141001463
a0003670,X,.01597470019339555,2.741817280330529,6.448261783943241
a0003678,S,.188238338059963,2.553079759557438,8.284269447748295
a0003684,C,.1540317952020286,2.287459023346543,6.813212188759262
a0003686,X,.145533392421012,2.74066410232637,5.721225354119906
a0003687,Ch,.20050240873027,2.726426792934998,15.7986326766081
a0003700,Sk,.2257695929008916,2.414800154589213,12.12120031225968
a0003701,S,.09086181201557846,2.801819306191178,4.916960981886265
a0003704,Xk,.05028617180494151,2.410450044807086,5.894172574070571
a0003710,Cgh,.1592324313258389,2.739319490168931,13.79959093917646
a0003712,S,.2551106646621116,2.735048943382698,31.70132978916266
a0003713,K,.09719408261630351,3.021535957884199,11.37459140650421
a0003730,Xk,.1613703203223841,2.726335158560921,6.940936618644021
a0003734,Ld,.05349488357158053,2.746147740841604,3.485231644136019
a0003744,Ch,.2774821728312412,2.627766037013912,3.754177231611031
a0003759,X,.1181697945326785,2.719266625103972,13.05229854880476
a0003762,X,.07909723058709289,2.273651224258587,1.458306896432673
a0003767,Sa,.1366435779383337,2.603836329291159,13.70193534042817
a0003775,Ch,.2295984885428108,2.789299007259642,8.242690461019027
a0003782,V,.09405500175487924,2.41582618114229,5.249729999818795
a0003788,S,.1053433042052628,2.790079514391307,9.684084124362922
a0003792,S,.2202764155492501,2.292231922147395,23.69671234853235
a0003796,C,.1506536207780708,2.697249607725313,6.52103272220952
a0003809,S,.1070069709547676,2.690243386468498,6.560879030330256
a0003813,S,.1756520644846201,2.190935684095053,4.157432751286429
a0003819,Sr,.1386663153546807,2.772098170632528,11.11209527141335
a0003824,S,.2366201149081775,2.254489060558104,2.797908951530617
a0003827,C,.1283754637009608,2.741022347877842,4.096587002671426
a0003829,Ch,.1666761535648887,2.785382840160309,7.551065774197866
a0003831,S,.1958487184470228,2.167377923190669,4.581012061355699
a0003841,S,.1606874332229464,2.273523865135596,5.223982733306157
a0003844,L,.104035169998085,2.732478854637447,3.829833069114275
a0003849,V,.04797873361442329,2.474118543253965,5.775216213473423
a0003850,V,.1618520053139572,2.235116267500199,5.268912570293246
a0003853,S,.1372050285102808,2.808474979192265,9.08163136804389
a0003860,S,.153138243244456,2.806743263920395,8.12896250983616
a0003861,S,.1906871300064967,2.553398098011966,5.6721547813573
a0003862,S,.2479860384429296,2.542821023130232,8.989767680633609
a0003865,Xc,.07988661503271077,2.398570135536186,6.554701436655853
a0003885,Cg,.07144492928692417,2.753789255133433,5.323076266352962
a0003886,C,.09943838142783928,2.77499724643949,5.064211264164384
a0003900,V,.138501139694883,2.370911824584134,6.715094880839978
a0003903,Sq,.08002604494815317,2.931140421833272,1.310829174730489
a0003910,S,.1330150435622903,2.793967672878871,8.68826231137905
a0003949,Sq,.03203919136257466,2.2080817187333,3.781494241043593
a0003958,Xc,.2087312643404362,2.467589934363276,4.824575970105797
a0003971,Ch,.1845943753678533,2.848192405528361,13.01121352353908
a0003972,S,.1776620017890035,2.163338444458732,4.149388198058642
a0003976,X,.07152471053233629,2.757009259187772,12.7179324872042
a0003985,X,.09682155868634797,2.850142934024193,16.29931250156088
a0004001,S,.1719836428403709,2.287225017828419,5.457211559016661
a0004033,S,.09133262667994056,2.240078872290942,5.122227849315243
a0004036,Cg,.1518277042346478,2.799975471033329,4.680092773625418
a0004037,Sq,.1604734227632362,2.770535202939805,8.453161908130333
a0004039,S,.06223837135300427,2.416476460748715,5.044140168859471
a0004051,Sq,.1095325425114708,2.791269160768553,2.72335554128203
a0004072,S,.06468017353216907,2.144908827992499,2.161292849674942
a0004082,Ch,.2584951604325154,2.389468291745959,9.598677321064471
a0004096,Sl,.1517803988438887,2.811187040197301,9.076046380669515
a0004107,C,.202380340049238,2.554819796585486,17.53007016025833
a0004124,B,.03260109833855246,2.785839833858816,3.594087803078543
a0004135,Ch,.2334646526654553,2.787884976095506,7.943966420169431
a0004156,Cgh,.192398373094372,2.698122856467788,14.26182205508447
a0004157,Ch,.1600101690928682,2.675055621668862,12.79967265303832
a0004182,Sr,.1311059306778264,2.800950787755558,8.048625742063479
a0004188,V,.1498114327590747,2.335601120025746,6.124050314904513
a0004194,Cb,.04453338257750689,2.698239035103493,7.528286585885816
a0004200,S,.2246913017681308,2.725100823243272,7.774460908981084
a0004215,V,.06192779557233045,2.416600148853726,5.753328490830347
a0004222,S,.2959815253547262,2.3666248123195,3.740827626024948
a0004256,Xc,.0696339330561858,2.351122348048096,3.043558779073193
a0004261,Sq,.1106615547019217,2.795743225684837,2.66121292952543
a0004265,C,.1991460708827262,2.428782728216155,4.357511215154378
a0004272,S,.2485439996490673,2.368356025462807,9.268874160142555
a0004280,S,.01039742738512609,2.37720938204551,4.627983226895046
a0004284,Ch,.2740670352126864,2.400238456976839,11.77090148902518
a0004287,S,.1864604006216461,2.207973437338579,5.482889642711883
a0004292,C,.04759471150576103,2.75114384618468,3.544335370971736
a0004297,Cb,.1927284528696651,2.335412269019079,5.860393008916817
a0004299,S,.1711422080693843,2.243871083600459,5.086015801051441
a0004304,C,.1483180075442309,2.451946274741111,3.066006845378067
a0004305,S,.07128930875843635,2.912737041539577,1.808069131139001
a0004311,V,.1477665640926079,2.441843719800343,5.483204159424851
a0004327,Sk,.2254282705236546,2.772331439636416,16.67462896152556
a0004332,Xe,.3150423597680648,2.584536463980014,19.16880358248141
a0004340,S,.2313345858985669,2.393768815165989,25.15575496305192
a0004342,Xc,.09096314317848102,2.765681170706229,6.079646381372729
a0004343,Ch,.1729035664881227,2.784618921228474,6.940999740295766
a0004352,S,.1975322681189558,2.760118918365414,11.09335761257606
a0004353,Xe,.1091536435559318,2.345689509082598,9.003078806876259
a0004369,Xk,.2526860729209242,2.609485041694414,11.821723776324
a0004372,S,.1234296779155008,2.930160785029126,1.504944263041327
a0004374,S,.1709518258515286,2.222858078784538,4.845760641283537
a0004382,Sa,.1953478882976572,2.540998710699608,6.241638340008852
a0004387,S,.01402394085352009,2.438059930464697,4.27278772848079
a0004390,Cgh,.2386209818300518,2.400164349245761,10.72112427685906
a0004396,B,.1918389252378856,2.219657493152936,3.74680550388995
a0004407,Sa,.05760042799089077,2.712138414604477,4.718058612206953
a0004417,S,.1067509429724848,2.758991768690759,9.004548597427506
a0004422,S,.179063743017284,2.237959841122706,4.804181221854075
a0004424,Xk,.0786758432432756,2.757131398635738,14.72228339330718
a0004426,L,.06726356375959877,2.752321610449493,2.093464371551379
a0004434,V,.1318576308622657,2.441170078177689,5.709022033396194
a0004456,Ld,.276713330540255,2.375147337431756,15.00536076795433
a0004461,X,.1305614757697577,2.850744393060078,16.02252181419775
a0004479,S,.1019596832986878,2.753693075176348,5.31018507691319
a0004491,Sa,.0291730076322747,2.173255913687795,3.671373965929068
a0004512,Sa,.206352670518805,2.768617405404136,10.32603829736248
a0004516,Sa,.01165165099110043,2.776927810064741,4.680814766759021
a0004523,Ch,.13974623041617,2.682282579312409,11.07397031021479
a0004534,Cb,.1779283003884285,2.796612271931095,7.2395245617425
a0004536,S,.08274331169632929,2.195320846883105,4.174179284033407
a0004547,X,.0699465191594863,2.612627789645395,18.01713457921566
a0004548,Xc,.06389449392885289,2.284902554429503,8.283513180969759
a0004570,Sa,.1084032550970556,2.198742682971363,5.013480900522427
a0004584,C,.1989301708872042,2.795636281270108,7.68160399020155
a0004591,Cgh,.2383948353790264,2.453342025209304,2.615779892960721
a0004604,S,.1286657687589591,2.174978986085673,1.408396937428079
a0004607,L,.01932548652863563,2.263659898130623,2.252556278069272
a0004610,Sl,.03668172732431425,2.401832584107708,3.589373160796943
a0004611,S,.1926962326677862,2.61680290252909,13.78418581298759
a0004619,L,.03000138829939184,2.688559753764751,1.818382874156145
a0004628,S,.1161045368039365,2.646282265901488,11.8016095283426
a0004649,S,.1219992987927018,2.742825238523263,15.42273385467756
a0004650,S,.1482061578338887,2.236683808304091,4.743783107635263
a0004678,S,.2142568939261939,2.264543377378286,3.742077918872735
a0004682,S,.196084662660589,2.270055839521603,3.821690647071893
a0004686,B,.1581831836948555,2.365324457666315,4.468636677260331
a0004701,Xe,.1403606123550064,2.703094011316212,3.674664492158615
a0004702,S,.0911814141592223,2.793824763607169,9.344282130483693
a0004706,S,.1745350533860371,2.267741098521162,8.261292684003278
a0004711,S,.2560367730901215,2.382369759348804,10.2344369366309
a0004718,Sl,.1587611163297661,2.360546047149112,8.04191446973719
a0004719,C,.1734923362850505,2.70127331530289,7.453934974544991
a0004726,L,.07484716146911355,2.733500234429072,2.041616820917047
a0004733,Sq,.07331747865245926,2.185368359659324,4.715798326229149
a0004737,L,.07826702446065299,2.694216995882039,4.595415679420356
a0004744,D,.1836574526295697,2.798677882589487,10.1692843448926
a0004748,S,.05807888028026413,2.743795396195893,16.31858518414106
a0004750,X,.09050653809023154,2.183862874085148,4.905419050008994
a0004767,S,.1098626787404028,2.690566698093899,13.31229702030873
a0004774,S,.08591003074252275,2.236884545946295,3.630459647260162
a0004786,Xc,.1935610871016178,2.358343351629244,7.256002236462332
a0004796,V,.1794095640101941,2.355153034368866,2.273907937204867
a0004804,C,.1159589922076399,2.693507552407166,8.636292441328717
a0004817,Sl,.2095637040920597,2.346676208964503,2.160194561368547
a0004824,Sr,.05613825203401849,2.288720795200003,6.47389949352761
a0004838,Xc,.1429639399564245,2.352833578632183,8.877319411111376
a0004839,Xc,.07008143501608134,2.435565567504415,7.574756368659879
a0004844,S,.218058677662412,2.554684588725333,5.95781351319471
a0004845,X,.06691541522819698,2.400925655580057,7.580113556411412
a0004849,S,.1107524088735064,2.278748233914231,2.996768542061468
a0004853,S,.2560942973157239,2.535157357045981,8.367455110239895
a0004884,S,.1678726537195948,2.224079287660959,4.706708748059186
a0004900,V,.1285994906501479,2.379578852055496,5.934659006315882
a0004909,S,.2462591182845583,2.273261786366589,2.408566005465431
a0004917,Ld,.1085897942948146,2.741652246474335,3.712304372662229
a0004923,S,.2018462608156484,2.145125457083549,6.675308538156698
a0004942,X,.1359550881663749,2.201517022606764,3.833789808804659
a0004944,Cb,.06262088296459822,2.743546450893936,4.492272105914333
a0004945,S,.3177233888034204,2.570822091997587,4.899316323118942
a0004950,Sq,.1830833978225377,2.746756209385108,12.70058796273876
a0004951,S,.1669066458965238,2.256337189264045,7.532570614255407
a0004968,Sq,.1122524758853612,2.524440784293419,5.414763056849065
a0004969,C,.3626054300509488,2.756960712347971,31.44367872554068
a0004977,V,.1113094960716272,2.292135932310914,5.884148952819508
a0004982,A,.1774960510966311,2.781371398499826,4.636310566656056
a0004993,V,.06073937200408621,2.368797889794954,6.940289801027575
a0004997,B,.3299596349410918,2.871172686305137,32.73295020472396
a0005008,S,.06102529872885634,2.214620718021906,5.26987988048229
a0005010,S,.2036341018542682,2.714731453589606,14.65737980473502
a0005013,Sl,.06745307417682342,2.761607749792782,3.700658448280694
a0005051,Sr,.1428358682288996,2.293630110348206,5.873018967320632
a0005067,L,.07775174675394345,2.802564713250337,7.383275778092155
a0005069,S,.1318094868640745,2.251220986991795,5.000295083788751
a0005079,B,.2040949539442596,2.643316392387514,10.77511403507457
a0005081,Ch,.1136614676874236,2.318923847465991,13.19839026882285
a0005087,X,.005251754194080373,2.743958897664649,4.908207417388229
a0005091,C,.01206730781270122,2.783083531836656,3.198517717957188
a0005102,B,.1938737917738206,2.800771418135435,8.103402085424497
a0005103,X,.01294316196440504,2.749339369178816,4.890807418670624
a0005108,S,.1096692881727607,2.304720516173106,6.42932000859339
a0005111,R,.1264202905964856,2.355231536998766,5.804321020355405
a0005133,B,.2254261852860117,2.710974084372653,12.01882157269482
a0005134,Sl,.03460355941226145,2.790249907560928,8.103585580271414
a0005142,Sq,.2763520848256952,2.539174725958089,6.290018379298048
a0005159,S,.1132398854633802,2.786846187760542,9.250922176585403
a0005184,S,.03303776832316492,2.156359305532683,4.000337328316631
a0005195,Sl,.1313116006663648,2.162485514229488,3.895698298332519
a0005196,S,.1407135949187546,2.698371130283052,13.22484039917744
a0005208,S,.04615741314322962,2.605218083253528,15.90369691291636
a0005214,S,.1036381319722149,2.188003638819105,6.069431449396863
a0005222,B,.1428350484491198,2.774742056220788,34.5403821300951
a0005227,S,.08639745742339451,2.290868050381933,8.625937225560476
a0005234,B,.1636556194747442,2.759680793008575,35.85272284364386
a0005240,V,.1010059689049419,2.382184322191061,5.615261778057029
a0005242,Sq,.06726563092983981,2.800566879761011,2.871385176670358
a0005243,C,.1795811294114011,2.77445873909431,7.486998689147414
a0005294,X,.1302767523818441,2.867370653496336,17.77890930297493
a0005318,Sk,.1325366692554663,2.289908224514682,3.30976456829164
a0005329,Cb,.2695675442068877,2.607777062961041,13.41290438849298
a0005330,B,.1572909307403856,2.764541267049748,33.73720393162421
a0005333,Ch,.1678946199412234,2.345308766242778,10.97226155421895
a0005344,B,.1652136267197215,2.702670379820331,7.095895057085843
a0005348,Ch,.1717549733452904,2.792338086099206,7.06483366525307
a0005364,C,.1997040928958892,2.457863347730477,3.113848132670908
a0005379,V,.05455978867251254,2.396305834555714,3.801156339823583
a0005397,Sl,.1862364694357177,2.529465849176424,12.39338847619815
a0005401,S,.1509237229913508,2.795600914260795,10.06572394244696
a0005416,C,.2339066762614761,2.784474559924751,8.395383458902208
a0005438,C,.2764059828953433,2.745714795852203,26.56737253948895
a0005448,S,.1445992538897231,2.221657051323439,4.841612462226013
a0005467,X,.1691539667922346,2.807525353860244,8.75500257392325
a0005482,Sa,.1903919874255913,2.521904647928304,4.353470088367778
a0005485,S,.1143092652124872,2.735122309506186,3.29564004923101
a0005492,L,.1358902662275104,2.783534429950944,17.59039338590569
a0005534,S,.3369498265373357,2.758016662695683,7.488182970190497
a0005552,S,.2459697478580656,2.775888913875934,8.217308422187562
a0005553,Ch,.2094441224544164,2.734527566726124,9.806829397257598
a0005563,S,.06433968156773225,2.764040447366091,10.47633673031444
a0005565,S,.2156360084017165,2.810228518227416,10.30524584438446
a0005576,Xk,.07304493860365788,2.759092786016161,5.615551852467378
a0005588,X,.1384611739713522,2.787680990361205,12.35396752326733
a0005591,Cb,.08670898084574304,2.780093784672885,4.237354915260306
a0005595,S,.1632524070849712,2.724620948992982,9.825663451555506
a0005610,S,.04470200336812689,2.802404992041815,3.354052535274018
a0005622,Sq,.1693981261964051,2.803930607161797,8.093196249483757
a0005632,Xc,.08324078933382753,2.744306285429099,18.1951605680238
a0005647,S,.2682006272143475,2.426865840660242,21.92700549055519
a0005678,C,.27467448366204,2.728747149627521,34.09953042148292
a0005685,S,.09162241831942146,2.800903110235667,7.710575980035953
a0005690,B,.3802171875152271,2.799699479906729,29.00808756699098
a0005840,Ld,.1026929178692508,2.748297705107074,3.346897642536873
a0005956,C,.2922177196055435,2.710567826179199,8.97131303963149
a0005965,Sa,.05178244280194023,2.73623476219817,3.349271827255913
a0006005,C,.1519423152955752,2.69939835823908,7.638331189087801
a0006071,S,.1109297022199916,2.707162934154694,11.73215077486732
a0006077,Sq,.1112029628232551,2.79083011012122,4.298195989492779
a0006078,S,.1734522044921658,2.805276238660388,8.359418817479716
a0006086,Sl,.1685777995231984,2.721914611307644,8.940576129908854
a0006129,Ch,.1666642686758664,2.795929300162154,6.519761522055787
a0006146,Sq,.2645525064801194,2.3137980144257,3.401828813400251
a0006192,S,.2659748144247334,2.292617026234585,10.32963571295073
a0006211,Sr,.09309609376439208,2.756630611353408,8.531790758780279
a0006230,C,.08488306260452382,2.780095826715568,3.278705402435947
a0006233,Ch,.1778698916044431,2.793226522460162,6.814284517895032
a0006283,Ch,.2072059608822004,2.786921478175346,7.299811762089348
a0006354,Cb,.2172869966687576,2.656115362999541,24.55418140350205
a0006364,S,.2486596628410385,2.748963781565593,9.671371655255186
a0006410,Ch,.2248341275753742,2.772194389474592,8.682954679941176
a0006509,Ch,.2372304315052387,2.791879628225091,6.390450808224349
a0006582,Ch,.2879995365662444,2.777806927066285,8.905554912906036
a0006592,Sq,.1607891975869054,2.757465693362528,4.216595577482418
a0006669,S,.2136716891498732,2.20184595114048,6.217963725894746
a0006704,K,.04059454001325567,2.759819878043546,3.137216276822948
a0006716,C,.05874611072703859,2.790449448739689,4.64913216209986
a0006782,Cb,.06174772676506949,2.790108247484707,3.287641229626418
a0006906,C,.2723651364324793,2.737144198394442,10.44705965973377
a0006907,C,.1975925226775499,2.738607129398645,9.090032258491135
a0006908,S,.09413683873772186,2.7480727261988,5.605722732866249
a0007056,Sq,.04785423467240521,2.810257025816733,5.251037843174097
a0007081,K,.2383843372098755,2.746047736264462,6.712106897485461
a0007110,Ch,.2056315099737371,2.800959882136298,7.644769761787903
a0007170,S,.1821385125750891,2.699095147243892,12.47500677194732
a0007211,S,.1618147992232989,2.801021811575968,9.101893526036942
a0007224,Sq,.1325794637047172,2.773692471059144,8.86345423163583
a0007225,S,.2028863491647218,2.340711245467646,6.869963071290145
a0007245,L,.1138386117407796,2.766813093405426,5.701067691434742
a0007397,S,.1645988714094191,2.782866383571222,8.664878243456329
a0007402,Ch,.2033505949467524,2.779446402813446,8.232934244937592
a0007404,Cb,.2830390063694124,2.795599472290079,6.561472134405467
a0007405,Ch,.1680666369559553,2.768891083294776,9.136374762300289
a0007451,S,.1715642188156219,2.806706055457976,10.30640621412401
a0007512,Ch,.1571612412566785,2.783078329217968,7.464574445460635
a0007562,Ld,.02367200218175028,2.769041532917349,3.286366203163694
a0007564,S,.2049224076526004,2.764521900425414,10.86609262111645
a0007728,Sq,.1092204467530607,2.795137685996845,3.403189038812418
a0007763,L,.06958120599037801,2.740879041916535,4.81143234990654
a0007817,C,.04514266562629556,2.783343465455631,.5570670718267736
a0008008,C,.08039555159000447,2.782598216988522,1.347264341176218
a0008333,Sq,.1059275750959914,2.740057493072692,8.654713697133936
a0008334,S,.1014447586530556,2.783863778774874,10.13653785970272
a0008450,C,.08795943335564695,2.750061374102678,4.874647087833273
a0008513,D,.1770425415900218,2.745075539439623,6.829510378005219
a0008516,S,.1621571751736514,2.755817623004485,5.862225310888791
a0009970,Cb,.2092898273123848,2.790273697498475,7.535365699011201
a0010473,K,.09321561836251681,2.716865562617343,2.115235285766762
a0010504,Sl,.1630798872552984,2.762272609673638,5.744045349896299
a0011785,Xc,.06745895345535428,2.781112308141987,7.715454580399366
a0011906,Sq,.194430096200134,2.734108984493279,10.69166802695839
a0012281,X,.01353862877582825,2.73846451942859,6.355815199598423
a0017480,S,.1738195056905024,2.789721483492708,8.655871099844108
